<?xml version="1.0" encoding="UTF-8" standalone="yes"?>
<addon id="repository.pulse" name="Pulse Repo" version="9.0.1" provider-name="Pulse">
	<extension point="xbmc.addon.repository" name="Pulse Repository">
		<info compressed="false">https://raw.githubusercontent.com/drxbld/repo/master/addons.xml</info>
		<checksum>https://raw.githubusercontent.com/drxbld/repo/master/addons.xml.md5</checksum>
		<datadir zip="true">https://raw.githubusercontent.com/drxbld/repo/master/</datadir>
	</extension>
	<extension point="xbmc.addon.metadata">
		<summary lang="en"></summary>
		<description lang="en"></description>
		<genre></genre>
	</extension>
</addon>