<?xml version="1.0" encoding="UTF-8" standalone="yes"?>
<addon id="repository.eggscrapers" name="EggScrapers" version="9.0.1" provider-name="Eggman">
	<extension point="xbmc.addon.repository" name="EggScrapers">
		<info compressed="false">https://raw.githubusercontent.com/genuinetv/repo/master/addons.xml</info>
		<checksum>https://raw.githubusercontent.com/genuinetv/repo/master/addons.xml.md5</checksum>
		<datadir zip="true">https://raw.githubusercontent.com/genuinetv/repo/master/</datadir>
		<hashes>false</hashes>
	</extension>	
	<extension point="xbmc.addon.metadata">
		<summary>EggScrapers</summary>
		<description>EggScrapers</description>
		<platform>all</platform>
	</extension>
</addon>