<?xml version="1.0" encoding="UTF-8" standalone="yes"?>
<addon id="plugin.program.durex.notifications" name="Notifications" version="6.6" provider-name="Durex">
    <requires>
        <import addon="xbmc.python" version="2.20.0"/>
    </requires>
    <extension point="xbmc.python.script" library="default.py">
        <provides>executable</provides>
    </extension>
    <extension point="xbmc.service" library="default.py" start="startup" />
    <extension point="xbmc.addon.metadata">
        <summary lang="en">Notifications</summary>
        <description lang="en">Receive Important Durex Build Notifications. Unsubscribe within Add-on Settings.</description>
        <language></language>
        <platform>all</platform>
        <website>https://www.drxbld.com/</website>
        <source></source>
        <forum></forum>
    </extension>
</addon>
